<drawing><figures><ent id="0"><children><r id="1" x="343" y="569" w="124.689453125" h="40"><a><fillColor><color rgba="#ffebffe8"/></fillColor></a></r><t id="2" x="353" y="581.7080078125"><a><text><string>Dep. de Compras</string></text></a></t></children></ent><ent id="3"><children><r id="4" x="346" y="691" w="102.55859375" h="40"><a><fillColor><color rgba="#ffebffe8"/></fillColor></a></r><t id="5" x="356" y="703.7080078125"><a><text><string>Componentes</string></text></a></t></children></ent><rel id="6"><children><diamond id="7" x="358" y="451" w="98" h="40"><a><fillColor><color rgba="#ffddddff"/></fillColor></a></diamond><t id="8" x="374.6943359375" y="463.7080078125"><a><text><string>notifica&#xe7;&#xe3;o</string></text></a></t></children></rel><llabelMuitos id="9"><points><p colinear="true" x="406.71944518008473" y="491" c1x="-68" c1y="-41" c2x="-68" c2y="-41"/><p colinear="true" x="405.62528138241527" y="569" c1x="-68" c1y="-41" c2x="-68" c2y="-41"/></points><startConnector><rConnector id="a"><Owner><rel ref="6"/></Owner></rConnector></startConnector><endConnector><rConnector id="b"><Owner><ent ref="0"/></Owner></rConnector></endConnector><a><text><string>N</string></text></a></llabelMuitos><ent id="c"><children><r id="d" x="782" y="184" w="102.59375" h="40"><a><fillColor><color rgba="#ffebffe8"/></fillColor></a></r><t id="e" x="792" y="196.7080078125"><a><text><string>Dep. limusine</string></text></a></t></children></ent><ent id="f"><children><r id="10" x="351" y="11" w="108.787109375" h="40"><a><fillColor><color rgba="#ffebffe8"/></fillColor></a></r><t id="11" x="361" y="23.7080078125"><a><text><string>dep. caminh&#xe3;o</string></text></a></t></children></ent><ent id="12"><children><r id="13" x="263" y="129" w="80" h="40"><a><fillColor><color rgba="#ffebffe8"/></fillColor></a></r><t id="14" x="275.8212890625" y="141.7080078125"><a><text><string>Dep. van</string></text></a></t></children></ent><ent id="15"><children><r id="16" x="16" y="177" w="80" h="40"><a><fillColor><color rgba="#ffebffe8"/></fillColor></a></r><t id="17" x="21.81640625" y="189.7080078125"><a><text><string>Dep. trailer</string></text></a></t></children></ent><ent id="18"><children><r id="19" x="685" y="44" w="138.7578125" h="40"><a><fillColor><color rgba="#ffebffe8"/></fillColor></a></r><t id="1a" x="695" y="56.7080078125"><a><text><string>Dep. carro blindado</string></text></a></t></children></ent><ent id="1b"><children><r id="1c" x="484" y="126" w="154.953125" h="40"><a><fillColor><color rgba="#ffebffe8"/></fillColor></a></r><t id="1d" x="494" y="138.7080078125"><a><text><string>dep. carro de patrulha</string></text></a></t></children></ent><ent id="1e"><children><r id="1f" x="96" y="31" w="123.8046875" h="40"><a><fillColor><color rgba="#ffebffe8"/></fillColor></a></r><t id="20" x="106" y="43.7080078125"><a><text><string>Dep.carro anf&#xed;bio</string></text></a></t></children></ent><ent id="21"><children><r id="22" x="343" y="310" w="133.783203125" h="40"><a><fillColor><color rgba="#ffebffe8"/></fillColor></a></r><t id="23" x="353" y="322.7080078125"><a><text><string>Dep. costumiza&#xe7;&#xe3;o</string></text></a></t></children></ent><generalizacaoLine id="24"><points><p colinear="true" x="314.81122669198896" y="169" c1x="-68" c1y="-41" c2x="-68" c2y="-41"/><p colinear="true" x="398.08037487051104" y="310" c1x="-68" c1y="-41" c2x="-68" c2y="-41"/></points><startConnector><rConnector id="25"><Owner><ent ref="12"/></Owner></rConnector></startConnector><endConnector><rConnector id="26"><Owner><ent ref="21"/></Owner></rConnector></endConnector></generalizacaoLine><generalizacaoLine id="27"><points><p colinear="true" x="175.96608982974908" y="71" c1x="-68" c1y="-41" c2x="-68" c2y="-41"/><p colinear="true" x="391.8278554827509" y="310" c1x="-68" c1y="-41" c2x="-68" c2y="-41"/></points><startConnector><rConnector id="28"><Owner><ent ref="1e"/></Owner></rConnector></startConnector><endConnector><rConnector id="29"><Owner><ent ref="21"/></Owner></rConnector></endConnector></generalizacaoLine><generalizacaoLine id="2a"><points><p colinear="true" x="96" y="212.03285180126107" c1x="-68" c1y="-41" c2x="-68" c2y="-41"/><p colinear="true" x="356.6748193726504" y="310" c1x="-68" c1y="-41" c2x="-68" c2y="-41"/></points><startConnector><rConnector id="2b"><Owner><ent ref="15"/></Owner></rConnector></startConnector><endConnector><rConnector id="2c"><Owner><ent ref="21"/></Owner></rConnector></endConnector></generalizacaoLine><generalizacaoLine id="2d"><points><p colinear="true" x="405.6944273881689" y="51" c1x="-68" c1y="-41" c2x="-68" c2y="-41"/><p colinear="true" x="409.5907288618311" y="310" c1x="-68" c1y="-41" c2x="-68" c2y="-41"/></points><startConnector><rConnector id="2e"><Owner><ent ref="f"/></Owner></rConnector></startConnector><endConnector><rConnector id="2f"><Owner><ent ref="21"/></Owner></rConnector></endConnector></generalizacaoLine><generalizacaoLine id="30"><points><p colinear="true" x="544.9999363111413" y="166" c1x="-68" c1y="-41" c2x="-68" c2y="-41"/><p colinear="true" x="426.3682277513587" y="310" c1x="-68" c1y="-41" c2x="-68" c2y="-41"/></points><startConnector><rConnector id="31"><Owner><ent ref="1b"/></Owner></rConnector></startConnector><endConnector><rConnector id="32"><Owner><ent ref="21"/></Owner></rConnector></endConnector></generalizacaoLine><generalizacaoLine id="33"><points><p colinear="true" x="728.4776051456766" y="84" c1x="-68" c1y="-41" c2x="-68" c2y="-41"/><p colinear="true" x="435.7929026668233" y="310" c1x="-68" c1y="-41" c2x="-68" c2y="-41"/></points><startConnector><rConnector id="34"><Owner><ent ref="18"/></Owner></rConnector></startConnector><endConnector><rConnector id="35"><Owner><ent ref="21"/></Owner></rConnector></endConnector></generalizacaoLine><generalizacaoLine id="36"><points><p colinear="true" x="782" y="219.26529463727638" c1x="-68" c1y="-41" c2x="-68" c2y="-41"/><p colinear="true" x="476.783203125" y="310.0939139740801" c1x="-68" c1y="-41" c2x="-68" c2y="-41"/></points><startConnector><rConnector id="37"><Owner><ent ref="c"/></Owner></rConnector></startConnector><endConnector><rConnector id="38"><Owner><ent ref="21"/></Owner></rConnector></endConnector></generalizacaoLine><llabelDoubleMuitos id="39"><points><p colinear="true" x="407.41015625" y="451" c1x="-68" c1y="-41" c2x="-68" c2y="-41"/><p colinear="true" x="409.4814453125" y="350" c1x="-68" c1y="-41" c2x="-68" c2y="-41"/></points><startConnector><rConnector id="3a"><Owner><rel ref="6"/></Owner></rConnector></startConnector><endConnector><rConnector id="3b"><Owner><ent ref="21"/></Owner></rConnector></endConnector><a><innerStrokeWidthFactor><double>3</double></innerStrokeWidthFactor><text><string>M</string></text></a></llabelDoubleMuitos><atrmulti id="3c" nullable="false" attributeType="VARCHAR2(128)"><children><e id="3d" x="120" y="305" w="153.78125" h="20"><a><fillColor><color rgba="#ffffebeb"/></fillColor><strokeType><enum type="strokeType">DOUBLE</enum></strokeType><innerStrokeWidthFactor><double>3</double></innerStrokeWidthFactor></a></e><t id="3e" x="130" y="307.7080078125"><a><text><string>Lista de Componentes</string></text></a></t></children></atrmulti><lcaf id="3f"><points><p colinear="true" x="273.78125" y="320.414807920665" c1x="-68" c1y="-41" c2x="-68" c2y="-41"/><p colinear="true" x="343" y="325.28934543103804" c1x="-68" c1y="-41" c2x="-68" c2y="-41"/></points><startConnector><rConnector id="40"><Owner><atrmulti ref="3c"/></Owner></rConnector></startConnector><endConnector><rConnector id="41"><Owner><ent ref="21"/></Owner></rConnector></endConnector></lcaf><ent id="42"><children><r id="43" x="725" y="581" w="80" h="40"><a><fillColor><color rgba="#ffebffe8"/></fillColor></a></r><t id="44" x="740.96484375" y="593.7080078125"><a><text><string>Estoque</string></text></a></t></children></ent><rel id="45"><children><diamond id="46" x="558" y="578" w="80" h="40"><a><fillColor><color rgba="#ffddddff"/></fillColor></a></diamond><t id="47" x="567.625" y="590.7080078125"><a><text><string>checagem</string></text></a></t></children></rel><llabelDoubleMuitos id="48"><points><p colinear="true" x="558" y="596.1313773893826" c1x="-68" c1y="-41" c2x="-68" c2y="-41"/><p colinear="true" x="467.689453125" y="591.9124691426863" c1x="-68" c1y="-41" c2x="-68" c2y="-41"/></points><startConnector><rConnector id="49"><Owner><rel ref="45"/></Owner></rConnector></startConnector><endConnector><rConnector id="4a"><Owner><ent ref="0"/></Owner></rConnector></endConnector><a><innerStrokeWidthFactor><double>3</double></innerStrokeWidthFactor><text><string>N</string></text></a></llabelDoubleMuitos><llabelUm id="4b"><points><p colinear="true" x="638" y="598.7185628742515" c1x="-68" c1y="-41" c2x="-68" c2y="-41"/><p colinear="true" x="725" y="600.2814371257485" c1x="-68" c1y="-41" c2x="-68" c2y="-41"/></points><startConnector><rConnector id="4c"><Owner><rel ref="45"/></Owner></rConnector></startConnector><endConnector><rConnector id="4d"><Owner><ent ref="42"/></Owner></rConnector></endConnector></llabelUm><rel id="4e"><children><diamond id="4f" x="558" y="636" w="80" h="40"><a><fillColor><color rgba="#ffddddff"/></fillColor></a></diamond><t id="50" x="569.5791015625" y="648.7080078125"><a><text><string>guardado</string></text></a></t></children></rel><llabelDoubleMuitos id="51"><points><p colinear="true" x="558" y="666.9605036538255" c1x="0" c1y="0" c2x="0" c2y="0"/><p colinear="true" x="448.55859375" y="696.948826980899" c1x="0" c1y="0" c2x="0" c2y="0"/></points><startConnector><rConnector id="52"><Owner><rel ref="4e"/></Owner></rConnector></startConnector><endConnector><rConnector id="53"><Owner><ent ref="3"/></Owner></rConnector></endConnector><a><innerStrokeWidthFactor><double>3</double></innerStrokeWidthFactor><text><string>N</string></text></a></llabelDoubleMuitos><llabelMuitos id="54"><points><p colinear="true" x="638" y="642.8263473053893" c1x="0" c1y="0" c2x="0" c2y="0"/><p colinear="true" x="725" y="614.1736526946108" c1x="0" c1y="0" c2x="0" c2y="0"/></points><startConnector><rConnector id="55"><Owner><rel ref="4e"/></Owner></rConnector></startConnector><endConnector><rConnector id="56"><Owner><ent ref="42"/></Owner></rConnector></endConnector><a><text><string>M</string></text></a></llabelMuitos><atr id="57" nullable="false" attributeType="VARCHAR2(128)"><children><e id="58" x="361" y="777" w="80" h="20"><a><fillColor><color rgba="#ffffebeb"/></fillColor></a></e><t id="59" x="384.1513671875" y="779.7080078125"><a><text><string>nome</string></text></a></t></children></atr><atr id="5a" nullable="false" attributeType="VARCHAR2(128)"><children><e id="5b" x="474" y="716" w="121.35546875" h="20"><a><fillColor><color rgba="#ffffebeb"/></fillColor></a></e><t id="5c" x="484" y="718.7080078125"><a><text><string>pre&#xe7;o de compra</string></text></a></t></children></atr><lcaf id="5d"><points><p colinear="true" x="474" y="719.3757178597828" c1x="0" c1y="0" c2x="0" c2y="0"/><p colinear="true" x="448.55859375" y="716.5982401774038" c1x="0" c1y="0" c2x="0" c2y="0"/></points><startConnector><rConnector id="5e"><Owner><atr ref="5a"/></Owner></rConnector></startConnector><endConnector><rConnector id="5f"><Owner><ent ref="3"/></Owner></rConnector></endConnector></lcaf><lcaf id="60"><points><p colinear="true" x="398.2584292763158" y="731" c1x="0" c1y="0" c2x="0" c2y="0"/><p colinear="true" x="400.5104337993421" y="777" c1x="0" c1y="0" c2x="0" c2y="0"/></points><startConnector><rConnector id="61"><Owner><ent ref="3"/></Owner></rConnector></startConnector><endConnector><rConnector id="62"><Owner><atr ref="57"/></Owner></rConnector></endConnector></lcaf><atrmulti id="63" nullable="false" attributeType="VARCHAR2(128)"><children><e id="64" x="448" y="757" w="80" h="20"><a><fillColor><color rgba="#ffffebeb"/></fillColor><strokeType><enum type="strokeType">DOUBLE</enum></strokeType><innerStrokeWidthFactor><double>3</double></innerStrokeWidthFactor></a></e><t id="65" x="476.609375" y="759.7080078125"><a><text><string>tipo</string></text></a></t></children></atrmulti><lcaf id="66"><points><p colinear="true" x="429.67954799107144" y="731" c1x="0" c1y="0" c2x="0" c2y="0"/><p colinear="true" x="471.7998744419643" y="757" c1x="0" c1y="0" c2x="0" c2y="0"/></points><startConnector><rConnector id="67"><Owner><ent ref="3"/></Owner></rConnector></startConnector><endConnector><rConnector id="68"><Owner><atrmulti ref="63"/></Owner></rConnector></endConnector></lcaf><ent id="69"><children><r id="6a" x="124" y="746" w="80" h="40"><a><fillColor><color rgba="#ffebffe8"/></fillColor></a></r><t id="6b" x="130.337890625" y="758.7080078125"><a><text><string>Fornecedor</string></text></a></t></children></ent><entrel id="6c"><children><r id="6d" x="123" y="584" w="80" h="40"><a><fillColor><color rgba="#ffebffe8"/></fillColor></a></r><diamond id="6e" x="125" y="586" w="74" h="34"><a><fillColor><color rgba="#ffddddff"/></fillColor></a></diamond><t id="6f" x="143.04296875" y="596.7080078125"><a><text><string>Pedido</string></text></a></t></children></entrel><llabelDoubleMuitos id="70"><points><p colinear="true" x="203" y="601.5241879263865" c1x="0" c1y="0" c2x="0" c2y="0"/><p colinear="true" x="343" y="592.8588456687393" c1x="0" c1y="0" c2x="0" c2y="0"/></points><startConnector><rConnector id="71"><Owner><entrel ref="6c"/></Owner></rConnector></startConnector><endConnector><rConnector id="72"><Owner><ent ref="0"/></Owner></rConnector></endConnector><a><innerStrokeWidthFactor><double>3</double></innerStrokeWidthFactor><text><string>N</string></text></a></llabelDoubleMuitos><llabelMuitos id="73"><points><p colinear="true" x="163.12345679012344" y="624" c1x="0" c1y="0" c2x="0" c2y="0"/><p colinear="true" x="163.87654320987653" y="746" c1x="0" c1y="0" c2x="0" c2y="0"/></points><startConnector><rConnector id="74"><Owner><entrel ref="6c"/></Owner></rConnector></startConnector><endConnector><rConnector id="75"><Owner><ent ref="69"/></Owner></rConnector></endConnector><a><text><string>M</string></text></a></llabelMuitos><rel id="76"><children><diamond id="77" x="242" y="644" w="80" h="40"><a><fillColor><color rgba="#ffddddff"/></fillColor></a></diamond><t id="78" x="256.46484375" y="656.7080078125"><a><text><string>listagem</string></text></a></t></children></rel><llabelDoubleMuitos id="79"><points><p colinear="true" x="322" y="680.3082188299477" c1x="0" c1y="0" c2x="0" c2y="0"/><p colinear="true" x="348.2242769281915" y="691" c1x="0" c1y="0" c2x="0" c2y="0"/></points><startConnector><rConnector id="7a"><Owner><rel ref="76"/></Owner></rConnector></startConnector><endConnector><rConnector id="7b"><Owner><ent ref="3"/></Owner></rConnector></endConnector><a><innerStrokeWidthFactor><double>3</double></innerStrokeWidthFactor><text><string>N</string></text></a></llabelDoubleMuitos><llabelDoubleMuitos id="7c"><points><p colinear="true" x="242.33333333333331" y="644" c1x="0" c1y="0" c2x="0" c2y="0"/><p colinear="true" x="202.66666666666669" y="624" c1x="0" c1y="0" c2x="0" c2y="0"/></points><startConnector><rConnector id="7d"><Owner><rel ref="76"/></Owner></rConnector></startConnector><endConnector><rConnector id="7e"><Owner><entrel ref="6c"/></Owner></rConnector></endConnector><a><innerStrokeWidthFactor><double>3</double></innerStrokeWidthFactor><text><string>M</string></text></a></llabelDoubleMuitos><rel id="7f"><children><diamond id="80" x="580" y="355" w="80" h="40"><a><fillColor><color rgba="#ffddddff"/></fillColor></a></diamond><t id="81" x="599.0029296875" y="367.7080078125"><a><text><string>analise</string></text></a></t></children></rel><rel id="82"><children><diamond id="83" x="612" y="468" w="80" h="40"><a><fillColor><color rgba="#ffddddff"/></fillColor></a></diamond><t id="84" x="631.0029296875" y="480.7080078125"><a><text><string>analise</string></text></a></t></children></rel><ent id="85"><children><r id="86" x="783" y="396" w="80" h="40"><a><fillColor><color rgba="#ffebffe8"/></fillColor></a></r><t id="87" x="800.46484375" y="408.7080078125"><a><text><string>resumo</string></text></a></t></children></ent><llabelDoubleMuitos id="88"><points><p colinear="true" x="660" y="383.07881773399015" c1x="0" c1y="0" c2x="0" c2y="0"/><p colinear="true" x="783" y="407.92118226600985" c1x="0" c1y="0" c2x="0" c2y="0"/></points><startConnector><rConnector id="89"><Owner><rel ref="7f"/></Owner></rConnector></startConnector><endConnector><rConnector id="8a"><Owner><ent ref="85"/></Owner></rConnector></endConnector><a><innerStrokeWidthFactor><double>3</double></innerStrokeWidthFactor><text><string>N</string></text></a></llabelDoubleMuitos><llabelMuitos id="8b"><points><p colinear="true" x="580" y="366.43299357195644" c1x="0" c1y="0" c2x="0" c2y="0"/><p colinear="true" x="476.783203125" y="344.32651951420166" c1x="0" c1y="0" c2x="0" c2y="0"/></points><startConnector><rConnector id="8c"><Owner><rel ref="7f"/></Owner></rConnector></startConnector><endConnector><rConnector id="8d"><Owner><ent ref="21"/></Owner></rConnector></endConnector><a><text><string>M</string></text></a></llabelMuitos><llabelDoubleMuitos id="8e"><points><p colinear="true" x="692" y="471.1578947368421" c1x="0" c1y="0" c2x="0" c2y="0"/><p colinear="true" x="783" y="432.8421052631579" c1x="0" c1y="0" c2x="0" c2y="0"/></points><startConnector><rConnector id="8f"><Owner><rel ref="82"/></Owner></rConnector></startConnector><endConnector><rConnector id="90"><Owner><ent ref="85"/></Owner></rConnector></endConnector><a><innerStrokeWidthFactor><double>3</double></innerStrokeWidthFactor><text><string>N</string></text></a></llabelDoubleMuitos><llabelMuitos id="91"><points><p colinear="true" x="612" y="504.37913491042264" c1x="0" c1y="0" c2x="0" c2y="0"/><p colinear="true" x="454.18735496596537" y="569" c1x="0" c1y="0" c2x="0" c2y="0"/></points><startConnector><rConnector id="92"><Owner><rel ref="82"/></Owner></rConnector></startConnector><endConnector><rConnector id="93"><Owner><ent ref="0"/></Owner></rConnector></endConnector><a><text><string>M</string></text></a></llabelMuitos><atr id="94" nullable="false" attributeType="VARCHAR2(128)"><children><e id="95" x="202" y="350" w="80" h="20"><a><fillColor><color rgba="#ffffebeb"/></fillColor></a></e><t id="96" x="225.1513671875" y="352.7080078125"><a><text><string>nome</string></text></a></t></children></atr><lcaf id="97"><points><p colinear="true" x="282" y="352.8525311044026" c1x="0" c1y="0" c2x="0" c2y="0"/><p colinear="true" x="343" y="341.95264103861655" c1x="0" c1y="0" c2x="0" c2y="0"/></points><startConnector><rConnector id="98"><Owner><atr ref="94"/></Owner></rConnector></startConnector><endConnector><rConnector id="99"><Owner><ent ref="21"/></Owner></rConnector></endConnector></lcaf><atrchave id="9a" nullable="false" attributeType="NUMBER"><children><e id="9b" x="211" y="389" w="80" h="20"><a><fillColor><color rgba="#ffffebeb"/></fillColor></a></e><t id="9c" x="213.1953125" y="391.7080078125"><a><fontUnderlined><boolean>true</boolean></fontUnderlined><fontBold><boolean>true</boolean></fontBold><text><string>cod veiculo</string></text></a></t></children></atrchave><lcaf id="9d"><points><p colinear="true" x="274.0277683423913" y="389" c1x="0" c1y="0" c2x="0" c2y="0"/><p colinear="true" x="363.8360648777174" y="350" c1x="0" c1y="0" c2x="0" c2y="0"/></points><startConnector><rConnector id="9e"><Owner><atrchave ref="9a"/></Owner></rConnector></startConnector><endConnector><rConnector id="9f"><Owner><ent ref="21"/></Owner></rConnector></endConnector></lcaf><atrchave id="a0" nullable="false" attributeType="NUMBER"><children><e id="a1" x="277" y="756" w="80" h="20"><a><fillColor><color rgba="#ffffebeb"/></fillColor></a></e><t id="a2" x="287.38671875" y="758.7080078125"><a><fontUnderlined><boolean>true</boolean></fontUnderlined><fontBold><boolean>true</boolean></fontBold><text><string>cod pe&#xe7;a</string></text></a></t></children></atrchave><lcaf id="a3"><points><p colinear="true" x="331.59623579545456" y="756" c1x="0" c1y="0" c2x="0" c2y="0"/><p colinear="true" x="368.0868252840909" y="731" c1x="0" c1y="0" c2x="0" c2y="0"/></points><startConnector><rConnector id="a4"><Owner><atrchave ref="a0"/></Owner></rConnector></startConnector><endConnector><rConnector id="a5"><Owner><ent ref="3"/></Owner></rConnector></endConnector></lcaf><atrchave id="a6" nullable="false" attributeType="NUMBER"><children><e id="a7" x="860" y="587" w="101.4921875" h="20"><a><fillColor><color rgba="#ffffebeb"/></fillColor></a></e><t id="a8" x="870" y="589.7080078125"><a><fontUnderlined><boolean>true</boolean></fontUnderlined><fontBold><boolean>true</boolean></fontBold><text><string>cod estoque</string></text></a></t></children></atrchave><lcaf id="a9"><points><p colinear="true" x="805" y="599.9022004234677" c1x="0" c1y="0" c2x="0" c2y="0"/><p colinear="true" x="860" y="598.3927260057355" c1x="0" c1y="0" c2x="0" c2y="0"/></points><startConnector><rConnector id="aa"><Owner><ent ref="42"/></Owner></rConnector></startConnector><endConnector><rConnector id="ab"><Owner><atrchave ref="a6"/></Owner></rConnector></endConnector></lcaf><atr id="ac" nullable="false" attributeType="VARCHAR2(128)"><children><e id="ad" x="870" y="624" w="80" h="20"><a><fillColor><color rgba="#ffffebeb"/></fillColor></a></e><t id="ae" x="893.1513671875" y="626.7080078125"><a><text><string>nome</string></text></a></t></children></atr><lcaf id="af"><points><p colinear="true" x="805" y="610.1034482758621" c1x="0" c1y="0" c2x="0" c2y="0"/><p colinear="true" x="870" y="624.8965517241379" c1x="0" c1y="0" c2x="0" c2y="0"/></points><startConnector><rConnector id="b0"><Owner><ent ref="42"/></Owner></rConnector></startConnector><endConnector><rConnector id="b1"><Owner><atr ref="ac"/></Owner></rConnector></endConnector></lcaf><atr id="b2" nullable="false" attributeType="VARCHAR2(128)"><children><e id="b3" x="851" y="660" w="80" h="20"><a><fillColor><color rgba="#ffffebeb"/></fillColor></a></e><t id="b4" x="857.3994140625" y="662.7080078125"><a><text><string>quantidade</string></text></a></t></children></atr><lcaf id="b5"><points><p colinear="true" x="801.5217391304348" y="621" c1x="0" c1y="0" c2x="0" c2y="0"/><p colinear="true" x="872.7391304347826" y="660" c1x="0" c1y="0" c2x="0" c2y="0"/></points><startConnector><rConnector id="b6"><Owner><ent ref="42"/></Owner></rConnector></startConnector><endConnector><rConnector id="b7"><Owner><atr ref="b2"/></Owner></rConnector></endConnector></lcaf><atr id="b8" nullable="false" attributeType="VARCHAR2(128)"><children><e id="b9" x="26" y="772" w="80" h="20"><a><fillColor><color rgba="#ffffebeb"/></fillColor></a></e><t id="ba" x="49.1513671875" y="774.7080078125"><a><text><string>nome</string></text></a></t></children></atr><atrchave id="bb" nullable="false" attributeType="NUMBER"><children><e id="bc" x="96" y="809" w="121.203125" h="20"><a><fillColor><color rgba="#ffffebeb"/></fillColor></a></e><t id="bd" x="106" y="811.7080078125"><a><fontUnderlined><boolean>true</boolean></fontUnderlined><fontBold><boolean>true</boolean></fontBold><text><string>cod fornecedor</string></text></a></t></children></atrchave><lcaf id="be"><points><p colinear="true" x="157.9974941037736" y="809" c1x="0" c1y="0" c2x="0" c2y="0"/><p colinear="true" x="161.20813679245282" y="786" c1x="0" c1y="0" c2x="0" c2y="0"/></points><startConnector><rConnector id="bf"><Owner><atrchave ref="bb"/></Owner></rConnector></startConnector><endConnector><rConnector id="c0"><Owner><ent ref="69"/></Owner></rConnector></endConnector></lcaf><lcaf id="c1"><points><p colinear="true" x="106" y="775.469387755102" c1x="0" c1y="0" c2x="0" c2y="0"/><p colinear="true" x="124" y="772.530612244898" c1x="0" c1y="0" c2x="0" c2y="0"/></points><startConnector><rConnector id="c2"><Owner><atr ref="b8"/></Owner></rConnector></startConnector><endConnector><rConnector id="c3"><Owner><ent ref="69"/></Owner></rConnector></endConnector></lcaf><atrchave id="c4" nullable="false" attributeType="NUMBER"><children><e id="c5" x="14" y="594" w="80" h="20"><a><fillColor><color rgba="#ffffebeb"/></fillColor></a></e><t id="c6" x="17.3642578125" y="596.7080078125"><a><fontUnderlined><boolean>true</boolean></fontUnderlined><fontBold><boolean>true</boolean></fontBold><text><string>cod pedido</string></text></a></t></children></atrchave><lcaf id="c7"><points><p colinear="true" x="94" y="604" c1x="0" c1y="0" c2x="0" c2y="0"/><p colinear="true" x="123" y="604" c1x="0" c1y="0" c2x="0" c2y="0"/></points><startConnector><rConnector id="c8"><Owner><atrchave ref="c4"/></Owner></rConnector></startConnector><endConnector><rConnector id="c9"><Owner><entrel ref="6c"/></Owner></rConnector></endConnector></lcaf><atrchave id="ca" nullable="false" attributeType="NUMBER"><children><e id="cb" x="262" y="536" w="80" h="20"><a><fillColor><color rgba="#ffffebeb"/></fillColor></a></e><t id="cc" x="262.9208984375" y="538.7080078125"><a><fontUnderlined><boolean>true</boolean></fontUnderlined><fontBold><boolean>true</boolean></fontBold><text><string>cod compra</string></text></a></t></children></atrchave><lcaf id="cd"><points><p colinear="true" x="326.0336573401163" y="556" c1x="0" c1y="0" c2x="0" c2y="0"/><p colinear="true" x="357.2774118822674" y="569" c1x="0" c1y="0" c2x="0" c2y="0"/></points><startConnector><rConnector id="ce"><Owner><atrchave ref="ca"/></Owner></rConnector></startConnector><endConnector><rConnector id="cf"><Owner><ent ref="0"/></Owner></rConnector></endConnector></lcaf><atrchave id="d0" nullable="false" attributeType="NUMBER"><children><e id="d1" x="920" y="357" w="80" h="20"><a><fillColor><color rgba="#ffffebeb"/></fillColor></a></e><t id="d2" x="945.0556640625" y="359.7080078125"><a><fontUnderlined><boolean>true</boolean></fontUnderlined><fontBold><boolean>true</boolean></fontBold><text><string>data</string></text></a></t></children></atrchave><atr id="d3" nullable="false" attributeType="VARCHAR2(128)"><children><e id="d4" x="917" y="401" w="108.39453125" h="20"><a><fillColor><color rgba="#ffffebeb"/></fillColor></a></e><t id="d5" x="927" y="403.7080078125"><a><text><string>nome relatorio</string></text></a></t></children></atr><lcaf id="d6"><points><p colinear="true" x="863" y="401.6934306569343" c1x="0" c1y="0" c2x="0" c2y="0"/><p colinear="true" x="932.0408163265306" y="377" c1x="0" c1y="0" c2x="0" c2y="0"/></points><startConnector><rConnector id="d7"><Owner><ent ref="85"/></Owner></rConnector></startConnector><endConnector><rConnector id="d8"><Owner><atrchave ref="d0"/></Owner></rConnector></endConnector></lcaf><lcaf id="d9"><points><p colinear="true" x="863" y="414.650447434664" c1x="0" c1y="0" c2x="0" c2y="0"/><p colinear="true" x="917" y="412.8285514714604" c1x="0" c1y="0" c2x="0" c2y="0"/></points><startConnector><rConnector id="da"><Owner><ent ref="85"/></Owner></rConnector></startConnector><endConnector><rConnector id="db"><Owner><atr ref="d3"/></Owner></rConnector></endConnector></lcaf></figures></drawing>